{
  "definitions": {
    "Link": {
      "type": [
        "object",
        "null"
      ],
      "properties": {
        "LinkTarget": {
          "type": [
            "string",
            "null"
          ]
        },
        "Address": {
          "type": [
            "string",
            "null"
          ]
        }
      },
      "required": [
        "LinkTarget",
        "Address"
      ]
    },
    "NewsItem": {
      "type": [
        "object",
        "null"
      ],
      "properties": {
        "Category": {
          "type": "integer",
          "enum": [
            0,
            1,
            2,
            3
          ]
        },
        "Summary": {
          "type": [
            "string",
            "null"
          ]
        },
        "More": {
          "type": [
            "string",
            "null"
          ]
        },
        "Links": {
          "type": [
            "array",
            "null"
          ],
          "items": {
            "$ref": "#/definitions/Link"
          }
        },
        "DateString": {
          "type": [
            "string",
            "null"
          ]
        },
        "Location": {
          "type": [
            "string",
            "null"
          ]
        }
      },
      "required": [
        "Category",
        "Summary"
      ]
    }
  },
  "type": "object",
  "properties": {
    "AutomationMLEditorRecentVersion": {
      "type": [
        "string",
        "null"
      ]
    },
    "AutomationMLEditorReleaseNotes": {
      "type": [
        "string",
        "null"
      ]
    },
    "AutomationMLEditorDownloadLink": {
      "type": [
        "string",
        "null"
      ]
    },
    "AutomationMLEditorInstallerVersion": {
      "type": [
        "string",
        "null"
      ]
    },
    "AutomationMLEditorInstallerDownloadLink": {
      "type": [
        "string",
        "null"
      ]
    },
    "NewsItems": {
      "type": [
        "array",
        "null"
      ],
      "items": {
        "$ref": "#/definitions/NewsItem"
      }
    }
  },
  "required": [
    "AutomationMLEditorRecentVersion",
    "AutomationMLEditorReleaseNotes",
    "AutomationMLEditorDownloadLink",
    "AutomationMLEditorInstallerVersion",
    "AutomationMLEditorInstallerDownloadLink"
  ]
}