{
  "definitions": {
    "Model": {
      "type": [
        "object",
        "null"
      ],
      "properties": {
        "Category": {
          "type": "integer",
          "enum": [
            0,
            1,
            2,
            3,
            4,
            5,
            6
          ]
        },
        "Description": {
          "type": [
            "string",
            "null"
          ]
        },
        "Name": {
          "type": [
            "string",
            "null"
          ]
        },
        "Parts": {
          "type": [
            "array",
            "null"
          ],
          "items": {
            "$ref": "#/definitions/ModelPart"
          }
        },
        "DateString": {
          "type": [
            "string",
            "null"
          ]
        },
        "Location": {
          "type": [
            "string",
            "null"
          ]
        }
      },
      "required": [
        "Category",
        "Description",
        "Name"
      ]
    },
    "ModelPart": {
      "type": [
        "object",
        "null"
      ],
      "properties": {
        "CAEXVersion": {
          "type": [
            "string",
            "null"
          ]
        },
        "Name": {
          "type": [
            "string",
            "null"
          ]
        },
        "PartType": {
          "type": "integer",
          "enum": [
            0,
            1,
            2,
            3,
            4
          ]
        },
        "DateString": {
          "type": [
            "string",
            "null"
          ]
        },
        "Location": {
          "type": [
            "string",
            "null"
          ]
        }
      },
      "required": [
        "Name",
        "PartType"
      ]
    }
  },
  "type": "object",
  "properties": {
    "Models": {
      "type": [
        "array",
        "null"
      ],
      "items": {
        "$ref": "#/definitions/Model"
      }
    }
  },
  "required": [
    "Models"
  ]
}