<?xml version="1.0"?>
<doc>
    <assembly>
        <name>Aml.Tools.Licensing</name>
    </assembly>
    <members>
        <member name="T:Aml.Tools.Licensing.Model.AMLLibraryCatalog">
            <summary>
            The aml library catalog.
            </summary>
        </member>
        <member name="M:Aml.Tools.Licensing.Model.AMLLibraryCatalog.Load(System.String)">
            <summary>
            Loads the library catalog
            </summary>
            <param name="filePath"></param>
            <returns></returns>
        </member>
        <member name="M:Aml.Tools.Licensing.Model.AMLLibraryCatalog.Load(System.IO.Stream)">
            <summary>
            Loads the library catalog
            </summary>
            <param name="fileStream"></param>
            <returns></returns>
        </member>
        <member name="M:Aml.Tools.Licensing.Model.AMLLibraryCatalog.Save(Aml.Engine.Resources.PublicLibraryCatalog,System.String)">
            <summary>
            saves the library catalog
            </summary>
            <param name="catalog"></param>
            <param name="filePath"></param>
        </member>
        <member name="T:Aml.Tools.Licensing.Model.AMLPublishedDocument">
            <summary>
            The AMLDocument class can be used to manage and publish AutomationML libraries. For
            publishing, a signature is calculated for the AutomationML libraries in the document and
            added to the AutomationML file.
            </summary>
        </member>
        <member name="M:Aml.Tools.Licensing.Model.AMLPublishedDocument.#ctor(System.String,Aml.Tools.Licensing.Model.Product)">
            <summary>
            Initializes a new instance of the <see cref="T:Aml.Tools.Licensing.Model.AMLPublishedDocument"/> class from a file.
            </summary>
            <param name="fileName">The file name of the AutomationML file.</param>
            <param name="signProduct">Product to sign</param>
        </member>
        <member name="M:Aml.Tools.Licensing.Model.AMLPublishedDocument.#ctor(Aml.Engine.CAEX.CAEXDocument,System.String,Aml.Tools.Licensing.Model.Product)">
            <summary>
            Initializes a new instance of the <see cref="T:Aml.Tools.Licensing.Model.AMLPublishedDocument"/> class from an
            already loaded document.
            </summary>
            <param name="document">The already loaded document</param>
            <param name="fileName">The file name of the AutomationML file.</param>
            <param name="signProduct">The product to sign.</param>
        </member>
        <member name="P:Aml.Tools.Licensing.Model.AMLPublishedDocument.CAEXDocument">
            <summary>
            Gets the CAEX document loaded from the AutomationML file.
            </summary>
        </member>
        <member name="P:Aml.Tools.Licensing.Model.AMLPublishedDocument.FileName">
            <summary>
            Gets the name of the AutomationML file, used to create the document.
            </summary>
        </member>
        <member name="P:Aml.Tools.Licensing.Model.AMLPublishedDocument.Product">
            <summary>
            Gets the product which provides meta data for signature creation and verification.
            </summary>
        </member>
        <member name="P:Aml.Tools.Licensing.Model.AMLPublishedDocument.Libraries">
            <summary>
            Dictionary of libraries, contained in the document. The Dictionary key is the name of
            the library and the signature status of the library defines the value.
            </summary>
        </member>
        <member name="P:Aml.Tools.Licensing.Model.AMLPublishedDocument.SignedLibraries">
            <summary>
            Gets or sets the signed libraries.
            </summary>
            <value>
            The signed libraries.
            </value>
        </member>
        <member name="M:Aml.Tools.Licensing.Model.AMLPublishedDocument.GetAnalyzedLibraries(Aml.Engine.Resources.PublicLibraryCatalog)">
            <summary>
            Analyzes the libraries in the document to find signed libraries or libraries which are
            published versions, but could not be verified.
            </summary>
        </member>
        <member name="M:Aml.Tools.Licensing.Model.AMLPublishedDocument.IsElementOfSignedLibrary(System.String,System.Xml.Linq.XNode)">
            <summary>
            Determines, if the provided xml node is an element of a signed library
            </summary>
            <param name="libTagName"></param>
            <param name="node"></param>
            <returns></returns>
        </member>
        <member name="M:Aml.Tools.Licensing.Model.AMLPublishedDocument.SignContent(System.Collections.Generic.IEnumerable{System.ValueTuple{System.String,System.String,System.Boolean}},System.Boolean@)">
            <summary>
            Signes the provided libraries. If the signature should be embedded in the CAEX document,
            the AutomationML file will be saved containg the embedded signatures.
            </summary>
            <param name="libraries"></param>
            <param name="savedToFile"></param>
        </member>
        <member name="M:Aml.Tools.Licensing.Model.AMLPublishedDocument.CreateFromDocument(Aml.Engine.CAEX.CAEXDocument)">
            <summary>
            Creates the relevant data for signing from the CAEX document.
            </summary>
            <param name="document">The document.</param>
        </member>
        <member name="T:Aml.Tools.Licensing.Model.AMLPublishedDocument.AMLPublishedLibrary">
            <summary>
            This class is used to provided insight into a AutomationML library, published by the
            AutomationML association.
            </summary>
        </member>
        <member name="P:Aml.Tools.Licensing.Model.AMLPublishedDocument.AMLPublishedLibrary.IsReserved">
            <summary>
            Gets a value, indicating if the library name is a rserved name of a
            published library
            </summary>
        </member>
        <member name="P:Aml.Tools.Licensing.Model.AMLPublishedDocument.AMLPublishedLibrary.IsVerified">
            <summary>
            Gets a value, indicating if the library is verified by AutomationML
            </summary>
        </member>
        <member name="P:Aml.Tools.Licensing.Model.AMLPublishedDocument.AMLPublishedLibrary.Library">
            <summary>
            Gets the AML Library object of the AML Document
            </summary>
        </member>
        <member name="P:Aml.Tools.Licensing.Model.AMLPublishedDocument.AMLPublishedLibrary.Version">
            <summary>
            Gets the version.
            </summary>
        </member>
        <member name="P:Aml.Tools.Licensing.Model.AMLPublishedDocument.AMLPublishedLibrary.Name">
            <summary>
            Gets the name.
            </summary>
        </member>
        <member name="P:Aml.Tools.Licensing.Model.AMLPublishedDocument.AMLPublishedLibrary.LibraryVersion">
            <summary>
            Gets the library version information. Data is only available for
            verified libraries.
            </summary>
        </member>
        <member name="T:Aml.Tools.Licensing.Model.AMLPublishedDocumentCollection">
            <summary>
            Collection of AML Documents, used for library signing
            </summary>
        </member>
        <member name="M:Aml.Tools.Licensing.Model.AMLPublishedDocumentCollection.#ctor(System.String[],Aml.Tools.Licensing.Model.Product)">
            <summary>
            Generates a new instance of an AMLDocumentCollection using the
            provided filenames of AutomationML files.
            </summary>
            <param name="fileName"></param>
            <param name="product"></param>
        </member>
        <member name="T:Aml.Tools.Licensing.Model.Date">
            <summary>
            Models a date only 
            </summary>
        </member>
        <member name="P:Aml.Tools.Licensing.Model.Date.Year">
            <summary>
            The year
            </summary>
        </member>
        <member name="P:Aml.Tools.Licensing.Model.Date.Month">
            <summary>
            The month
            </summary>
        </member>
        <member name="P:Aml.Tools.Licensing.Model.Date.Day">
            <summary>
            The day
            </summary>
        </member>
        <member name="M:Aml.Tools.Licensing.Model.Date.op_Implicit(Aml.Tools.Licensing.Model.Date)~System.DateTime">
            <summary>
            Type conversion operator for Date to DateTime conversion
            </summary>
            <param name="d"></param>
        </member>
        <member name="M:Aml.Tools.Licensing.Model.Date.op_Explicit(System.DateTime)~Aml.Tools.Licensing.Model.Date">
            <summary>
            Type conversion operator for DateTime to Date conversion
            </summary>
            <param name="d"></param>
        </member>
        <member name="M:Aml.Tools.Licensing.Model.Date.ToString">
            <summary>
            Returns the date as a short date string
            </summary>
            <returns></returns>
        </member>
        <member name="T:Aml.Tools.Licensing.Model.License">
            <summary>
            License properties
            </summary>
        </member>
        <member name="M:Aml.Tools.Licensing.Model.License.#ctor">
            <summary>
            constructs a new instance
            </summary>
        </member>
        <member name="P:Aml.Tools.Licensing.Model.License.GeneratedLicense">
            <summary>
            Gets the generated license, created by <see cref="M:Aml.Tools.Licensing.Model.License.GenerateLicense(Aml.Tools.Licensing.Model.Product,System.String@)"></see> using
            the defined properties.
            </summary>
        </member>
        <member name="P:Aml.Tools.Licensing.Model.License.ProductName">
            <summary>
            Gets and sets the name of the product for which the license is issued.
            </summary>
        </member>
        <member name="P:Aml.Tools.Licensing.Model.License.ProductVersion">
            <summary>
            Gets and sets the version of the product for which the license is issued.
            </summary>
        </member>
        <member name="P:Aml.Tools.Licensing.Model.License.UserName">
            <summary>
            The name of the user who requested the license
            </summary>
        </member>
        <member name="P:Aml.Tools.Licensing.Model.License.UserAddress">
            <summary>
            The mail address of the user who requested the license
            </summary>
        </member>
        <member name="P:Aml.Tools.Licensing.Model.License.ExpirationDate">
            <summary>
            The expiration date of the license
            </summary>
        </member>
        <member name="P:Aml.Tools.Licensing.Model.License.LicenseType">
            <summary>
            The type of the license (only member and trial are known types)
            </summary>
        </member>
        <member name="M:Aml.Tools.Licensing.Model.License.Validate(System.String)">
            <summary>
            Validates a license
            </summary>
            <param name="publicProductKey"></param>
            <returns></returns>
        </member>
        <member name="M:Aml.Tools.Licensing.Model.License.Load(System.String,System.String@)">
            <summary>
            Loads a licensefile from file path
            </summary>
            <param name="filePath"></param>
            <param name="error"></param>
        </member>
        <member name="M:Aml.Tools.Licensing.Model.License.Load(System.IO.Stream,System.String@)">
            <summary>
            Loads a licensestream
            </summary>
            <param name="stream"></param>
            <param name="error"></param>
        </member>
        <member name="M:Aml.Tools.Licensing.Model.License.Save(System.String)">
            <summary>
            Saves the license file to the license path.
            </summary>
            <param name="licPath"></param>
        </member>
        <member name="P:Aml.Tools.Licensing.Model.License.LicenseFileName">
            <summary>
            The file name of the license file, this name is a combined name, containing
            the <see cref="P:Aml.Tools.Licensing.Model.License.ProductName"></see>, <see cref="P:Aml.Tools.Licensing.Model.License.ProductVersion"></see> and
            <see cref="P:Aml.Tools.Licensing.Model.License.UserName"></see>.
            </summary>
        </member>
        <member name="M:Aml.Tools.Licensing.Model.License.GenerateLicense(Aml.Tools.Licensing.Model.Product,System.String@)">
            <summary>
            Generates a new license for the provided product
            </summary>
            <param name="product">the licensed product</param>
            <param name="failure">contains information about generation failures</param>
        </member>
        <member name="T:Aml.Tools.Licensing.Model.LicenseCatalog">
            <summary>
            Catalog of all issued licenses
            </summary> 
        </member>
        <member name="P:Aml.Tools.Licensing.Model.LicenseCatalog.Licenses">
            <summary>
            The list of licenses in the catalog
            </summary>
        </member>
        <member name="P:Aml.Tools.Licensing.Model.LicenseCatalog.Count">
            <summary>
            Number of licenses in the catalog
            </summary>
        </member>
        <member name="M:Aml.Tools.Licensing.Model.LicenseCatalog.Add(Aml.Tools.Licensing.Model.License)">
            <summary>
            adding a license to the catalog
            </summary>
            <param name="license"></param>
        </member>
        <member name="M:Aml.Tools.Licensing.Model.LicenseCatalog.Load(System.String)">
            <summary>
            Loads a license catalog
            </summary>
            <param name="filePath"></param>
            <returns></returns>
        </member>
        <member name="M:Aml.Tools.Licensing.Model.LicenseCatalog.Save(System.String)">
            <summary>
            saves the license catalog
            </summary>
            <param name="filePath"></param>
        </member>
        <member name="M:Aml.Tools.Licensing.Model.LicenseCatalog.Remove(Aml.Tools.Licensing.Model.License)">
            <summary>
            removes a license from the catalog
            </summary>
            <param name="license"></param>
        </member>
        <member name="T:Aml.Tools.Licensing.Model.Product">
            <summary>
            The specification of product data
            </summary>   
        </member>
        <member name="P:Aml.Tools.Licensing.Model.Product.Name">
            <summary>
            Gets and sets the product name
            </summary>       
        </member>
        <member name="P:Aml.Tools.Licensing.Model.Product.Version">
            <summary>
            Gets and sets the products version
            </summary>       
        </member>
        <member name="P:Aml.Tools.Licensing.Model.Product.PrivateKey">
            <summary>
            Gets  the products private key
            </summary>   
        </member>
        <member name="P:Aml.Tools.Licensing.Model.Product.PublicKey">
            <summary>
            Gets and sets the productc public key
            </summary>
        </member>
        <member name="P:Aml.Tools.Licensing.Model.Product.GenerationDate">
            <summary>
            Gets the Date when the product keys are generated
            </summary>
        </member>
        <member name="M:Aml.Tools.Licensing.Model.Product.GenerateKeys">
            <summary>
            Generates a Keypair for this product
            </summary>
        </member>
        <member name="T:Aml.Tools.Licensing.Model.ProductCatalog">
            <summary>
            The product catalog contains all products which are licensed
            </summary>
        </member>
        <member name="P:Aml.Tools.Licensing.Model.ProductCatalog.Products">
            <summary>
            The list of licensed products
            </summary>
        </member>
        <member name="P:Aml.Tools.Licensing.Model.ProductCatalog.Count">
            <summary>
            The number of licensed products
            </summary>
        </member>
        <member name="M:Aml.Tools.Licensing.Model.ProductCatalog.Add(Aml.Tools.Licensing.Model.Product)">
            <summary>
            Adds a new licensed product to the catalog
            </summary>
            <param name="product"></param>
        </member>
        <member name="M:Aml.Tools.Licensing.Model.ProductCatalog.Save(System.String)">
            <summary>
            Saves the catalog to the provided file
            </summary>
            <param name="filePath"></param>
        </member>
        <member name="M:Aml.Tools.Licensing.Model.ProductCatalog.Load(System.String)">
            <summary>
            Loads an existing product catalog from the provided file path.
            </summary>
            <param name="filePath"></param>
            <returns>The ProductCatalog</returns>
        </member>
        <member name="M:Aml.Tools.Licensing.Model.ProductCatalog.Load(System.IO.Stream)">
            <summary>
            Loads an existing product catalog from the provided stream.
            </summary>
            <param name="productStream"> The stream providing the catalog data </param>
            <returns>The ProductCatalog</returns>
        </member>
        <member name="M:Aml.Tools.Licensing.Model.ProductCatalog.Remove(Aml.Tools.Licensing.Model.Product)">
            <summary>
            removes a product from the catalog
            </summary>
            <param name="product"></param>
        </member>
    </members>
</doc>
