{
  "Libraries": [
    {
      "CAEXType": "RoleClassLib",
      "Libraries": [
        {
          "Name": "AutomationMLBMIRoleClassLib",
          "Versions": [
            {
              "Version": "1.1.0",
              "CAEXVersion": "2.15",
              "Description": "Automation Markup Language Batch Manufacturing Industry Role Class Library",
              "DownloadLink": "https://www.automationml.org/wp-content/uploads/2021/06/AML_Whitepaper_RoleClassLibraries_V2.0.0.zip",
              "Sources": "AutomationMLBMIRoleClassLib.aml",
              "Signature": "MEYCIQDicKbpMz2goHBWCPhUUSJN7Q0aydNykLrY7XsrVLdlFQIhAJRa0ahRtdyxuUhUMQlCe66sVwDZKjUimCp41PaCTJxm"
            }
          ]
        },
        {
          "Name": "AutomationMLCMIRoleClassLib",
          "Versions": [
            {
              "Version": "1.1.0",
              "CAEXVersion": "2.15",
              "Description": "Automation Markup Language Continuous Manufacturing Industry Role Class Library",
              "DownloadLink": "https://www.automationml.org/wp-content/uploads/2021/06/AML_Whitepaper_RoleClassLibraries_V2.0.0.zip",
              "Sources": "AutomationMLCMIRoleClassLib.aml",
              "Signature": "MEUCIBieg5eft9kepkCuQY3wImfxZHmdVoBJvZWeCDpREsJHAiEA\u002BOX3yHiNEzs4KOfIGuHN0eiQB24Iy6\u002BAkn0XX21kWJc="
            }
          ]
        },
        {
          "Name": "AutomationMLCSRoleClassLib",
          "Versions": [
            {
              "Version": "2.3.0",
              "CAEXVersion": "2.15",
              "Description": "Automation Markup Language Control Industry Role Class Library",
              "DownloadLink": "https://www.automationml.org/wp-content/uploads/2021/06/AML_Whitepaper_RoleClassLibraries_V2.0.0.zip",
              "Sources": "AutomationMLCSRoleClassLib.aml",
              "Signature": "MEUCIQClgTa/dez4QiZ485qz1OBF24csdQFVxraiPBzzTmYbTgIgCP1qAHWMVpB6mK/1QkT8J4A4GBBV6I\u002ByfKSAbQRWC0A="
            }
          ]
        },
        {
          "Name": "AutomationMLDMIRoleClassLib",
          "Versions": [
            {
              "Version": "2.4.0",
              "CAEXVersion": "2.15",
              "Description": "Automation Markup Language  Discrete Manufacturing Industry Role Class Library",
              "DownloadLink": "https://www.automationml.org/wp-content/uploads/2021/06/AML_Whitepaper_RoleClassLibraries_V2.0.0.zip",
              "Sources": "AutomationMLDMIRoleClassLib.aml",
              "Signature": "MEUCIFe/U0NzCmByzE/KIPyt6IeGddwH8NLhXdHEbqTLFluUAiEA6iU5viwiak\u002Bmg2uF5awFVkyJmqvMmp4J7AOiWd64m/A="
            }
          ]
        },
        {
          "Name": "AutomationMLExtendedRoleClassLib",
          "Versions": [
            {
              "Version": "2.7.0",
              "CAEXVersion": "2.15",
              "Description": "Automation Markup Language  Extension to Standard Role Classes",
              "DownloadLink": "https://www.automationml.org/wp-content/uploads/2021/06/AML_Whitepaper_RoleClassLibraries_V2.0.0.zip",
              "Sources": "AutomationMLExtendedRoleClassLib.aml",
              "Signature": "MEYCIQCQksLnk1KFvjUvcxfIL4Fvjz6zBeryCY4G/nIhE5zQQgIhAIwZBnCBccNBupNOSIj8tjBuskxNP4xdbjkX8Y4nhWws"
            }
          ]
        },
        {
          "Name": "AutomationMLBaseRoleClassLib",
          "Versions": [
            {
              "Version": "2.2.0",
              "CAEXVersion": "2.15",
              "Description": "Automation Markup Language base role class library",
              "DownloadLink": "https://www.automationml.org/wp-content/uploads/2021/06/BPR_005E_ExternalDataReference_Jul2016.zip",
              "Sources": "ExternalDataReference_BPR-Beispiele_20160523_v02.aml",
              "Signature": "MEYCIQDn7Mrx1QbSZejyMiveba1Jf3dFGjvmLCeObbNsRcQpkwIhAKLX93nu3zTqirCezBQ7eh64oK651Wyva7DgWlRuKXPA"
            },
            {
              "Version": "2.2.1",
              "CAEXVersion": "2.15",
              "Description": "Automation Markup Language Base Role class Library - Part 1 Content extended with Part 3 Content",
              "DownloadLink": "https://www.automationml.org/wp-content/uploads/2021/06/AML_Whitepaper_GeometryKinematics_V2.0.0.zip",
              "Sources": "AutomationMLBaseRoleClassLib.aml",
              "Signature": "MEUCIQDxc01BUL7aJO7AVmB8gdgFMXoiQDOiqT6vnm9i5YCtSgIgGQnpd8HLIoSY9B8gBviWj8UOGouKLJG4DTDKa\u002BdF3fo="
            },
            {
              "Version": "2.2.2",
              "CAEXVersion": "2.15",
              "Description": "Automation Markup Language Base Role Class Library - Part 1 Content extended with Part 3 and Part 4 Content",
              "DownloadLink": "https://www.automationml.org/wp-content/uploads/2021/06/AML_Whitepaper_Logic_V1.5.0.zip",
              "Sources": "AutomationMLBaseRoleClassLib.aml",
              "Signature": "MEUCIB8g5G6P80Hk4cfIHcJ7qi/G8MsB2RaAM02Wn1ma3HcnAiEAxBriPD3VrounZwshL2CZ2p1iMIIoMHIz\u002BOlsKiRBkEI="
            },
            {
              "Version": "2.10.0",
              "CAEXVersion": "3.0",
              "Description": "Automation Markup Language base role class library",
              "DownloadLink": "https://www.automationml.org/wp-content/uploads/2021/11/Whitepaper-AutomationML-Edition-2.1.zip",
              "Sources": "AutomationML2.10BaseLibraries",
              "Signature": "MEQCICH\u002BS0v0c54Y9KJcSiE/sPimRo3C4R9lmpYQK0wmvXRLAiAMFd2l3gxnZxX8/828tY/L76xEDpvab5X4wW77U26/KA=="
            }
          ]
        },
        {
          "Name": "AutomationMLBPRRoleClassLib",
          "Versions": [
            {
              "Version": "0.0.1",
              "CAEXVersion": "2.15",
              "Description": "Automation Markup Language Role Class Library for External Reference",
              "DownloadLink": "https://www.automationml.org/wp-content/uploads/2021/06/BPR_005E_ExternalDataReference_Jul2016.zip",
              "Sources": "ExternalDataReference_BPR-Beispiele_20160523_v02.aml",
              "Signature": "MEQCIBp7r1dmK3xkVYZFmylmOBMnyx7lW3E5cTA02V/Ci9atAiA1bL1RrQId0yMIVk5h0rO/PcNWUK5miocJ/IYR\u002Bsdxvg=="
            },
            {
              "Version": "1.0.0",
              "CAEXVersion": "2.15",
              "Description": "AutomationML RoleClass Library for External Reference ",
              "DownloadLink": "https://www.automationml.org/wp-content/uploads/2021/06/WP6_AutomationML_Compo_V1.1.0.zip",
              "Sources": "20200928_AutomationML_Part_6_WP_Compo_v1.1.0.aml",
              "Signature": "MEUCIQDSOzNGXSOI2acc7v9DECFwPmQF2RNTrXZJdVwdtftNHAIgXxiVvg/HHZiF47dPf3SlOwTG8DfNuJn8XQVjOPNZxPM="
            }
          ]
        },
        {
          "Name": "AutomationMLComponentBaseRCL",
          "Versions": [
            {
              "Version": "1.1.0",
              "CAEXVersion": "2.15",
              "Description": "The RoleClassLib AutomationMLComponentBaseRCL is defined in the Whitepaper \u0022Description of AutomationML Components\u0022. The document can be downloaded at https://www.automationml.org/o.red.c/publications.html . The Version of the related WP is 1.1  State October 2020 and has the Document Identifier WP Compo.",
              "DownloadLink": "https://www.automationml.org/wp-content/uploads/2021/06/WP6_AutomationML_Compo_V1.1.0.zip",
              "Sources": "20200928_AutomationML_Part_6_WP_Compo_v1.1.0.aml",
              "Signature": "MEQCIGmnT3s3cTmxpjEejIPGXbjUNpbq1qqRvqV0JyxUvEorAiBjjViCcIVrCWBhrpcq7JgZFxdTD000zAHg2MtbnVgpzA=="
            }
          ]
        },
        {
          "Name": "AutomationMLComponentStandardRCL",
          "Versions": [
            {
              "Version": "1.1.0",
              "CAEXVersion": "2.15",
              "Description": "The RoleClassLib AutomationMLComponentStandardRCL is defined in the Whitepaper \u0022Description of AutomationML Components\u0022. The document can be downloaded at https://www.automationml.org/o.red.c/publications.html . The Version of the related WP is 1.1  State October 2020 and has the Document Identifier WP Compo.",
              "DownloadLink": "https://www.automationml.org/wp-content/uploads/2021/06/WP6_AutomationML_Compo_V1.1.0.zip",
              "Sources": "20200928_AutomationML_Part_6_WP_Compo_v1.1.0.aml",
              "Signature": "MEUCIQDt6DGBxAIm3VKqAp6k7NxZWPR9rZM7fAPCzVUe\u002BCpKQQIgGuaHSm/CcCOeTxbFBYBPFwC0tmreIw6qp6\u002BI4GwsyzA="
            }
          ]
        },
        {
          "Name": "AutomationMLFMILogicRoleClassLib",
          "Versions": [
            {
              "Version": "1.1.0",
              "CAEXVersion": "2.15",
              "Description": "The RoleClassLib AutomationMLFMILogicRoleClassLib is defined in the Whitepaper \u0022Description of AutomationML Components\u0022. The document can be downloaded at https://www.automationml.org/o.red.c/publications.html . The Version of the related WP is 1.1  State October 2020 and has the Document Identifier WP Compo.",
              "DownloadLink": "https://www.automationml.org/wp-content/uploads/2021/06/WP6_AutomationML_Compo_V1.1.0.zip",
              "Sources": "20200928_AutomationML_Part_6_WP_Compo_v1.1.0.aml",
              "Signature": "MEUCIDrCE0Pq9S8a0RwLMsZ8/eg3tptfx0VoM5nsSJRLvp4MAiEA3HBK4wDiy/RYTG/DEcsT27XK5CWY0/1oQ6JGadLwuR4="
            }
          ]
        },
        {
          "Name": "AutomationMLLogicRoleClassLib",
          "Versions": [
            {
              "Version": "1.0.0",
              "CAEXVersion": "2.15",
              "Description": "AutomationMLLogicRoleClassLib specifies all logic related role classes.",
              "DownloadLink": "https://www.automationml.org/wp-content/uploads/2021/06/WP6_AutomationML_Compo_V1.1.0.zip",
              "Sources": "20200928_AutomationML_Part_6_WP_Compo_v1.1.0.aml",
              "Signature": "MEUCIQDZvdbCQemxuMWPWPVXIPcJDtbj2S7EnBYF\u002BambmxPmIAIgBorTAuS61qlFzWfR6AY2aDEtFvaa/\u002BA\u002BIK9RFeBWDq8="
            }
          ]
        },
        {
          "Name": "DataVariableRoleClassLib",
          "Versions": [
            {
              "Version": "0.2.4",
              "CAEXVersion": "2.15",
              "Description": "This gives the possibility to create links from AutomationML to \u201Conline\u201D data/communication, e.g. OPC \r\nUA or CANopen.",
              "DownloadLink": "https://www.automationml.org/wp-content/uploads/2021/06/BPR_007E_BPR_DataVariable_V1.0.0.zip",
              "Sources": "2017-02-20_DataVariable.aml",
              "Signature": "MEQCIHQVobaHxunEYo4iVf1Zhbg7JpeitXeCH0M3CQPRNgrPAiB7q7ZQhr3T0UmVgHhjOeekAunWkKBCV1NZsnzdY7jVZA=="
            }
          ]
        },
        {
          "Name": "AutomationMLReferenceDesignationRoleClassLib",
          "Versions": [
            {
              "Version": "1.0.0",
              "CAEXVersion": "2.15",
              "Description": "Reference designations following IEC 81346",
              "DownloadLink": "https://www.automationml.org/wp-content/uploads/2021/06/BPR_009E_RefDes_V1.0.0.zip",
              "Sources": "Example.aml",
              "Signature": "MEYCIQCkLQpY74rKAXN0Z649Px//HkJPMZ3PWTmHciFVN7DhxAIhAJIDplff5hji1ryOP/4UV/c\u002BrmmfhQHMpvYmnvEYYzIY"
            }
          ]
        },
        {
          "Name": "CCLinkRCL",
          "Versions": [
            {
              "Version": "1.0.0",
              "CAEXVersion": "2.15",
              "Description": "AutomationML BPR CC-Link Role Class Library",
              "DownloadLink": "https://www.automationml.org/wp-content/uploads/2021/06/BPR-CC-Link.zip",
              "Sources": "BPR_CC-Link_Libraries_V1.0.0.aml",
              "Signature": "MEQCIF151OZqcswkMHXGS7\u002Bc/DvjQbJ7O52UhroYVdhE69AJAiAWhOOLr2mtbXmYA7FlHeHQPpYQHCkDOsjwHiVHcyoXgw=="
            }
          ]
        },
        {
          "Name": "CommunicationRoleClassLib",
          "Versions": [
            {
              "Version": "1.0.1",
              "CAEXVersion": "2.15",
              "Description": "AutomationML Communication Role Class Library",
              "DownloadLink": "https://www.automationml.org/wp-content/uploads/2021/06/WP_Communication_V1.0.0.zip",
              "Sources": "CommunicationRoleClassLib_V1.0.1.aml",
              "Signature": "MEQCIDc2tRxv\u002BZg2bxy\u002BzdEHjA82GipxTaGTz93rytvP9nYhAiABPKjHxNwM1WZpxf5WfYIWMwPlzu0Plnh8xAdIwOb2gQ=="
            }
          ]
        },
        {
          "Name": "MaterialHandlingResourceClassLib",
          "Versions": [
            {
              "Version": "1.6",
              "CAEXVersion": "3.0",
              "Description": "Role class library for material flow components",
              "DownloadLink": "https://www.automationml.org/wp-content/uploads/2021/06/AR_Modelling-of-Material-Handling-in-AutomationML_v1_0_0.zip",
              "Sources": "MaterialHandlingLibraries.aml",
              "Signature": "MEYCIQCMkfvDtsVM6lsCJ8YZw3wpJH9VkxkeARLDjZru3yRYwQIhAJJ17vWMXb4HybnmGyTAqZbGVg79JF\u002Br0/n/06HgbZdl"
            }
          ]
        },
        {
          "Name": "MaterialHandlingProcessClassLib",
          "Versions": [
            {
              "Version": "1.4",
              "CAEXVersion": "3.0",
              "Description": "Role class library for material flow processes. Mostly adopted from VDI 2860.",
              "DownloadLink": "https://www.automationml.org/wp-content/uploads/2021/06/AR_Modelling-of-Material-Handling-in-AutomationML_v1_0_0.zip",
              "Sources": "MaterialHandlingLibraries.aml",
              "Signature": "MEUCIDqs6nftBi3sIscy1Nedslyi\u002B6LPvGtmYY92ZPjnULZPAiEA0uP8NeeSnLYeok\u002BIzvKNKb8yO\u002BMF9pzS3Q3xQeWpmls="
            }
          ]
        },
        {
          "Name": "MaterialHandlingProductClassLib",
          "Versions": [
            {
              "Version": "1.3",
              "CAEXVersion": "3.0",
              "Description": "Role class library for material flow products and load carriers",
              "DownloadLink": "https://www.automationml.org/wp-content/uploads/2021/06/AR_Modelling-of-Material-Handling-in-AutomationML_v1_0_0.zip",
              "Sources": "MaterialHandlingLibraries.aml",
              "Signature": "MEUCIAH\u002BZqrfPEthjXWUE3rg2ErzG\u002BVjeyNUiycV90gD1i5OAiEAhfbtCZOkS31f2HF/3ghHUdSeV75XdnOXaWpOWn\u002BE0jw="
            }
          ]
        },
        {
          "Name": "AutomationProjectConfigurationRoleClassLib",
          "Versions": [
            {
              "Version": "1.3.0",
              "CAEXVersion": "2.15",
              "Description": "Automation Markup Language Automation Project Configuration Data Class Library",
              "DownloadLink": "https://www.automationml.org/wp-content/uploads/2021/11/AR-APC-1_3_0.zip",
              "Sources": "2021-11-09 AR APC AllClassLibs V_1_3_0.aml",
              "Signature": "MEUCIQDPUVNRucgSkL\u002B1slO7iCfSq0zcQvyhprc7vwZRLQb7dAIgNjc2znC8KF3Hh1Pydm1End1iTC6fIzjwlyZ25FG9TQw="
            },
            {
              "Version": "1.2.0",
              "CAEXVersion": "2.15",
              "Description": "Automation Markup Language Automation Project Configuration Data Class Library",
              "DownloadLink": "https://www.automationml.org/wp-content/uploads/2021/06/ARE-APC-Drive.zip",
              "Sources": "2020-04-07 ARE APC Drive AllClassLibs V1_2_0.aml",
              "Signature": "MEQCIH7HgOUpBYii5YeDWCkZVB6QkmRpCvuW4kAR6EDLs4/RAiAZ1YKy08dfSxB4ktKGg6kP6hbH779fldDbZ2W3OIp/dw=="
            }
          ]
        },
        {
          "Name": "AutomationProjectConfigurationProfiSafeRoleClassLib",
          "Versions": [
            {
              "Version": "1.2.0",
              "CAEXVersion": "2.15",
              "Description": "Automation Markup Language Automation Project Configuration Data Class Library Profibus",
              "DownloadLink": "https://www.automationml.org/wp-content/uploads/2021/11/AR-APC-1_3_0.zip",
              "Sources": "2021-11-09 AR APC AllClassLibs V_1_3_0.aml",
              "Signature": "MEUCIQDinjigsYrl1P2jO2V3GUVcWWn/78Mt\u002ByEnneQyNGhyfQIgJuGy46oWIDocMHspw0ENzfInN\u002B9vjfSoOGm5YyICmGo="
            }
          ]
        },
        {
          "Name": "AutomationProjectConfigurationEthernetRoleClassLib",
          "Versions": [
            {
              "Version": "1.2.1",
              "CAEXVersion": "2.15",
              "Description": "Automation Markup Language Automation Project Configuration Data Class Library Ethernet",
              "DownloadLink": "https://www.automationml.org/wp-content/uploads/2021/11/AR-APC-1_3_0.zip",
              "Sources": "2021-11-09 AR APC AllClassLibs V_1_3_0.aml",
              "Signature": "MEQCIAzy7xn1Ox4kAaQB97o7JUgf6dMMLphlWzaCfUHre6b0AiAPGDmnVHRgJwCIMUZdXgE70E3WkMsHsBtFkBWoRUSXcQ=="
            }
          ]
        },
        {
          "Name": "AutomationProjectConfigurationIOLinkRoleClassLib",
          "Versions": [
            {
              "Version": "1.3.0",
              "CAEXVersion": "2.15",
              "Description": "Automation Markup Language Automation Project Configuration RoleClass Library",
              "DownloadLink": "https://www.automationml.org/wp-content/uploads/2021/11/AR-APC-1_3_0.zip",
              "Sources": "2021-11-09 AR APC AllClassLibs V_1_3_0.aml",
              "Signature": "MEQCIC8DeT9cAv8M35\u002BBPYdf4tectsdTybSP7zoCCeLlZwHxAiAdqY2uNZa\u002BaHWBawpVJ2TYZiDD\u002BGbDpYgxl8EAcrF8EQ=="
            }
          ]
        },
        {
          "Name": "DriveConfigurationRoleClassLib",
          "Versions": [
            {
              "Version": "1.0.0",
              "CAEXVersion": "2.15",
              "Description": "Automation Markup Language RoleClass Library to model mechanical aspects of drive \r\nconfigurations",
              "DownloadLink": "https://www.automationml.org/wp-content/uploads/2021/06/AR-Drive-Configurations-v1_0_0.zip",
              "Sources": "DriveConfigurationsLibrary_v1_0_0.aml",
              "Signature": "MEUCIQC6dEPNZZ/kJnGnWIPTE\u002BLGcxg9SZrDa\u002B1QtPT1zusU/AIgI5aVby81sodlaZf2cBtZmrBKw0tlft2DiiLTfc2WSro="
            }
          ]
        },
        {
          "Name": "DriveConfigurationExtensionRoleClassLib",
          "Versions": [
            {
              "Version": "1.0.0",
              "CAEXVersion": "2.15",
              "Description": "Automation Markup Language extended Role Class Library to model mechanical aspects of drive \r\nconfigurations",
              "DownloadLink": "https://www.automationml.org/wp-content/uploads/2021/06/AR-Drive-Configurations-v1_0_0.zip",
              "Sources": "DriveConfigurationsLibrary_v1_0_0.aml",
              "Signature": "MEYCIQCf\u002BOc2tKMJ/d\u002BH064751A8SNcJ2QPmt4q2\u002Bvab/hwXfAIhAKwCtjSfzNQAv9XWEWhwUkNrvVaKucNUryRjSqNP/\u002BLd"
            }
          ]
        },
        {
          "Name": "AutomationProjectConfigurationDriveExtensionRoleClassLib",
          "Versions": [
            {
              "Version": "1.2.0",
              "CAEXVersion": "2.15",
              "Description": "Automation Markup Language Automation Project Configuration RoleClass Library",
              "DownloadLink": "https://www.automationml.org/wp-content/uploads/2021/06/ARE-APC-Drive.zip",
              "Sources": "2020-04-07 ARE APC Drive AllClassLibs V1_2_0.aml",
              "Signature": "MEYCIQD4\u002B712NomvNrH2FWlWTQPL/5UtXI2jGYKu4RgF9h67FQIhAKV3HpWmfspnfDIGY18P3CoCyFr0Vvn4z/PtZUmMZp6H"
            }
          ]
        },
        {
          "Name": "AutomationMLB2MMLRoleClassLib",
          "Versions": [
            {
              "Version": "2.0.0",
              "CAEXVersion": "3.0",
              "Description": "B2MML Role Class Library",
              "DownloadLink": "https://www.automationml.org/wp-content/uploads/2021/06/AR-Provisioning-for-MES-and-ERP-Edition-2.zip",
              "Sources": "AutomationMLB2MMLLib.aml",
              "Signature": "MEYCIQDx5kKwUTfrx4fZWWtpwT0Ye5OWY6PE4\u002BcNVCjl50kQVQIhAOjh\u002BbWTM6OUHifwT1JuJVdQ0jhuBPjB9X1A3TNTbbhc"
            }
          ]
        },
        {
          "Name": "AutomationMLIEC62264RoleClassLib",
          "Versions": [
            {
              "Version": "2.0.0",
              "CAEXVersion": "3.0",
              "Description": "IEC 62264 Role Class Library",
              "DownloadLink": "https://www.automationml.org/wp-content/uploads/2021/06/AR-Provisioning-for-MES-and-ERP-Edition-2.zip",
              "Sources": "AutomationMLIEC62264Lib.aml",
              "Signature": "MEQCIEDyVqHNNgAimSIVAYUyjz9D5rrkDyelN1cvk3VeevPwAiAI008jPeRofLaNpaapsp28vlyPtpQpNGL7wys9a/jxdA=="
            }
          ]
        },
        {
          "Name": "AssetAdministrationShellRoleClassLib",
          "Versions": [
            {
              "Version": "1.0.0",
              "CAEXVersion": "2.15",
              "Description": "Role Class Library according to Details of the Asset Administration Shell V2.0.",
              "DownloadLink": "https://www.automationml.org/wp-content/uploads/2021/06/Asset-Administration-Shell-Representation-V1_0_0.zip",
              "Sources": "AssetAdministrationShellLib  - Full.aml",
              "Signature": "MEQCIG2iO8Az55FEGDtoIp8TWClzoqdi5TqiOSZmTQBPHOpmAiAidncTE4b1pRMVoBJMrfQ6peYWEJjrILYSYY0nZwVbxw=="
            }
          ]
        }
      ]
    },
    {
      "CAEXType": "InterfaceClassLib",
      "Libraries": [
        {
          "Name": "AutomationMLInterfaceClassLib",
          "Versions": [
            {
              "Version": "2.2.0",
              "CAEXVersion": "2.15",
              "Description": "Standard Automation Markup Language Interface Class Library",
              "DownloadLink": "https://www.automationml.org/wp-content/uploads/2021/06/BPR_005E_ExternalDataReference_Jul2016.zip",
              "Sources": "ExternalDataReference_BPR-Beispiele_20160523_v02.aml",
              "Signature": "MEUCIGioiE89zC144R\u002B/HobuiwpNQZjOpdi8kD/5fMP38jvOAiEAqjW/E9za5dLBD9NiUq\u002B1Y83bVahn5DXZcWq74\u002BcZ8qY="
            },
            {
              "Version": "2.2.1",
              "CAEXVersion": "2.15",
              "Description": "Standard Automation Markup Language Interface Class Library - Part 1 Content extended with Part 3 Content",
              "DownloadLink": "https://www.automationml.org/wp-content/uploads/2021/06/AML_Whitepaper_GeometryKinematics_V2.0.0.zip",
              "Sources": "AutomationMLInterfaceClassLib.aml",
              "Signature": "MEQCIEflM83qXoQRTLjjfBjFwS85o3mmTpzk4FX120VztamvAiA5jyNOihw9ao68Lb2T8PK5MWSz2l0NF/xdDG7HjSaDHw=="
            },
            {
              "Version": "2.2.2",
              "CAEXVersion": "2.15",
              "Description": "Standard Automation Markup Language Interface Class Library - Part 1 Content extended with Part 3 and Part 4 Content",
              "DownloadLink": "https://www.automationml.org/wp-content/uploads/2021/06/AML_Whitepaper_Logic_V1.5.0.zip",
              "Sources": "AutomationMLInterfaceClassLib.aml",
              "Signature": "MEQCICipK2t6PwvxnhqQ\u002BI2uIo9J96ZUn8jEqzwKEVwOrEtOAiB4BhOpC0VZE0iCbhy\u002Bp3vgoQcw0u\u002BY2WMQKe91OxG7Bg=="
            },
            {
              "Version": "2.10.0",
              "CAEXVersion": "3.0",
              "Description": "Standard Automation Markup Language Interface Class Library",
              "DownloadLink": "https://www.automationml.org/wp-content/uploads/2021/11/Whitepaper-AutomationML-Edition-2.1.zip",
              "Sources": "AutomationML2.10BaseLibraries",
              "Signature": "MEUCIHNdJmQf/AApI1pRzFPps\u002BGNv7Ub/4iOgieueONBHiCOAiEA5r7h4gH/3IQLmidTQS\u002BZJznuGuHIsxmpsQx7x2HxHXA="
            }
          ]
        },
        {
          "Name": "AutomationMLBPRInterfaceClassLib",
          "Versions": [
            {
              "Version": "0.0.1",
              "CAEXVersion": "2.15",
              "Description": "Automation Markup Language Interface Class Library for External Reference",
              "DownloadLink": "https://www.automationml.org/wp-content/uploads/2021/06/BPR_005E_ExternalDataReference_Jul2016.zip",
              "Sources": "ExternalDataReference_BPR-Beispiele_20160523_v02.aml",
              "Signature": "MEUCIQDVsGD23E6Y\u002BMFX/3AOOFNAlVTZLIgnFOdKCEbLtj0AmQIgUCZLC2jynUJeiO0VYFAMSZMrNwJJR445JKe5BzmiZ6Y="
            },
            {
              "Version": "1.0.1",
              "CAEXVersion": "2.15",
              "Description": "AutomationML InterfaceClass Library for External Reference ",
              "DownloadLink": "https://www.automationml.org/wp-content/uploads/2021/06/WP6_AutomationML_Compo_V1.1.0.zip",
              "Sources": "20200928_AutomationML_Part_6_WP_Compo_v1.1.0.aml",
              "Signature": "MEUCIQCpiSJp62NWWWSGIoT\u002Bf2Pdlacog1LgUd5rz\u002BlXgmZmbAIgOXXGiMTMYOUOgcO9K51WRpSe25kKIMXyD08UeKaoubU="
            }
          ]
        },
        {
          "Name": "AutomationMLComponentBaseICL",
          "Versions": [
            {
              "Version": "1.1.0",
              "CAEXVersion": "2.15",
              "Description": "The InterfaceClassLib AutomationMLComponentBaseICL is defined in the Whitepaper \u0022Description of AutomationML Components\u0022. The document can be downloaded at https://www.automationml.org/o.red.c/publications.html . The Version of the related WP is 1.1.0  State October 2020 and has the Document Identifier WP Compo.",
              "DownloadLink": "https://www.automationml.org/wp-content/uploads/2021/06/WP6_AutomationML_Compo_V1.1.0.zip",
              "Sources": "20200928_AutomationML_Part_6_WP_Compo_v1.1.0.aml",
              "Signature": "MEYCIQCS3Y7whEZvrhP6jdSIoB5xvIfiPahwGR4wD8vfQq6I\u002BgIhAJCGp7oNgEAuiDf2osD8lHh14Uw4vl3llh9EEAhNPEVs"
            }
          ]
        },
        {
          "Name": "AutomationMLFMIInterfaceClassLib",
          "Versions": [
            {
              "Version": "1.1.0",
              "CAEXVersion": "2.15",
              "Description": "The InterfaceClassLib AutomationMLFMIInterfaceClassLib is defined in the Whitepaper \u0022Description of AutomationML Components\u0022. The document can be downloaded at https://www.automationml.org/o.red.c/publications.html . The Version of the related WP is 1.1.0  State October 2020 and has the Document Identifier WP Compo.",
              "DownloadLink": "https://www.automationml.org/wp-content/uploads/2021/06/WP6_AutomationML_Compo_V1.1.0.zip",
              "Sources": "20200928_AutomationML_Part_6_WP_Compo_v1.1.0.aml",
              "Signature": "MEQCIFxDf/VWRRjAQRq8nLiDSlsTzqV2Bu4EENeFjTbZ7jveAiBHdDCHq4XyzyB7nVR3RQ8gp\u002BIWA/hjivrlNvqcXyW6UA=="
            }
          ]
        },
        {
          "Name": "AutomationMLLogicInterfaceClassLib",
          "Versions": [
            {
              "Version": "1.0.0",
              "CAEXVersion": "2.15",
              "Description": "AutomationMLLogicInterfaceClassLib specifies all logic related interface classes for \nreferencing AML logic XML documents.",
              "DownloadLink": "https://www.automationml.org/wp-content/uploads/2021/06/WP6_AutomationML_Compo_V1.1.0.zip",
              "Sources": "20200928_AutomationML_Part_6_WP_Compo_v1.1.0.aml",
              "Signature": "MEUCIQC4v7thYYmoVFC1qI07LKuCWRFCOM9Z72b8kA/xJRi7LwIgOl\u002BaKGECKE34b7j4awpJ7V8/AqC8v0Mx8qdcnOJePO4="
            }
          ]
        },
        {
          "Name": "AutomationMLPLCopenXMLInterfaceClassLib",
          "Versions": [
            {
              "Version": "1.0.0",
              "CAEXVersion": "2.15",
              "Description": "AutomationMLPLCopenXMLInterfaceClassLib specifies the logic related interface class for \nreferencing IEC 61131-10 documents",
              "DownloadLink": "https://www.automationml.org/wp-content/uploads/2021/06/WP6_AutomationML_Compo_V1.1.0.zip",
              "Sources": "20200928_AutomationML_Part_6_WP_Compo_v1.1.0.aml",
              "Signature": "MEQCIAGOXOgN02h7/XRUPotUkwL9znlcGoNl\u002BPWcArJj796DAiBX3Vqld\u002BmcdgG\u002BhAGyF2s\u002BHlDM7kITQsOuKbDWVKe5gA=="
            }
          ]
        },
        {
          "Name": "AutomationMLReferenceDesignationInterfaceClassLib",
          "Versions": [
            {
              "Version": "1.0.0",
              "CAEXVersion": "2.15",
              "Description": "Reference designations following IEC 81346",
              "DownloadLink": "https://www.automationml.org/wp-content/uploads/2021/06/BPR_009E_RefDes_V1.0.0.zip",
              "Sources": "Example_ReferenceDesignation_170627.aml",
              "Signature": "MEYCIQDq6ORH4xamBAc73oWzZz0BNs7A\u002BtWTFcw6q4mV1yQqdAIhAPAWNfV1Wgbctwo2hrLYIBJ/Gpo9ZAQEZwIXbiJHAbZv"
            }
          ]
        },
        {
          "Name": "CCLinkICL",
          "Versions": [
            {
              "Version": "1.0.0",
              "CAEXVersion": "2.15",
              "Description": "AutomationML BPR CC-Link Interface Class Library",
              "DownloadLink": "https://www.automationml.org/wp-content/uploads/2021/06/BPR-CC-Link.zip",
              "Sources": "BPR_CC-Link_Libraries_V1.0.0.aml",
              "Signature": "MEUCIQD9TElJYUNoK7k8GW/3SOqhv7Ivml7SLqGEukcxQDAQGwIgVwbHPz5Kti\u002BF3eRUssqy3SGTULE49WrzGqbJrYLdsS8="
            }
          ]
        },
        {
          "Name": "CommunicationInterfaceClassLib",
          "Versions": [
            {
              "Version": "1.0.0",
              "CAEXVersion": "2.15",
              "Description": "AutomationML Communication Interface Class Library",
              "DownloadLink": "https://www.automationml.org/wp-content/uploads/2021/06/WP_Communication_V1.0.0.zip",
              "Sources": "CommunicationInterfaceClassLib_V1.0.0.aml",
              "Signature": "MEUCIQCjVw0ciofhVfmbaitnZy3kgjE2DqwLI52IWCqqJtSEtgIgDuPwr4t8H3goxYX6rDVEZUqB4Feh7ac6tzP9jknfM5o="
            }
          ]
        },
        {
          "Name": "MaterialHandlingInterfaceClassLib",
          "Versions": [
            {
              "Version": "1.5",
              "CAEXVersion": "3.0",
              "Description": "Material flow interface classes",
              "DownloadLink": "https://www.automationml.org/wp-content/uploads/2021/06/AR_Modelling-of-Material-Handling-in-AutomationML_v1_0_0.zip",
              "Sources": "MaterialHandlingLibraries.aml",
              "Signature": "MEUCIHuRzLMXs1aW4fz5An\u002B1UMgmKZCCadDsUt5HAd57HmzVAiEA7YEJgPrzwAVGdMYNDUm9xnDyqoldWOGcIU9TF3Owk14="
            }
          ]
        },
        {
          "Name": "AutomationProjectConfigurationInterfaceClassLib",
          "Versions": [
            {
              "Version": "1.3.0",
              "CAEXVersion": "2.15",
              "Description": "Automation Markup Language Automation Project Configuration InterfaceClass Library",
              "DownloadLink": "https://www.automationml.org/wp-content/uploads/2021/11/AR-APC-1_3_0.zip",
              "Sources": "2021-11-09 AR APC AllClassLibs V_1_3_0.aml",
              "Signature": "MEUCIDL39l2fWxdTps8YgmmqJZffMJGtl3Bjw5vghvED4o6tAiEA3ALDeDIiTik96Hik/8ahHiCu9ZBbTRWhQNnU9PaOvwM="
            },
            {
              "Version": "1.2.0",
              "CAEXVersion": "2.15",
              "Description": "Automation Markup Language Automation Project Configuration InterfaceClass Library",
              "DownloadLink": "https://www.automationml.org/wp-content/uploads/2021/06/ARE-APC-Drive.zip",
              "Sources": "2020-04-07 ARE APC Drive AllClassLibs V1_2_0.aml",
              "Signature": "MEQCIDapOvLnwrNSAIoQuMXuFuRuf55x/JyTp7k97taThJF8AiBQv35l6eOkSXwkbdSngzzZ7Y0m8MyLyD/uHt9qjU\u002BUjA=="
            }
          ]
        },
        {
          "Name": "DriveConfigurationInterfaceClassLib",
          "Versions": [
            {
              "Version": "1.0.0",
              "CAEXVersion": "2.15",
              "Description": "Automation Markup Language Interface Class Library to model mechanical aspects of drive \r\nconfigurations",
              "DownloadLink": "https://www.automationml.org/wp-content/uploads/2021/06/AR-Drive-Configurations-v1_0_0.zip",
              "Sources": "DriveConfigurationsLibrary_v1_0_0.aml",
              "Signature": "MEUCIQCQs/9LEsfj0B17Hr21GurJFdZ38qzYhOjrWB3uVwWmMAIgRx\u002BRocZh7wJIMQokn2M\u002B9NuKZHH1w31z4xlwXYplwrM="
            }
          ]
        },
        {
          "Name": "DriveConfigurationExtensionInterfaceClassLib",
          "Versions": [
            {
              "Version": "1.0.0",
              "CAEXVersion": "2.15",
              "Description": "Automation Markup Language Extended Interface Class Library to model mechanical aspects of drive \r\nconfigurations",
              "DownloadLink": "https://www.automationml.org/wp-content/uploads/2021/06/AR-Drive-Configurations-v1_0_0.zip",
              "Sources": "DriveConfigurationsLibrary_v1_0_0.aml",
              "Signature": "MEYCIQCilfXQvI3fXYasIUsEMKi\u002Bv\u002BNqHAxB5x2f9IJf4mGjFAIhAMHUSRS/ulYfIvN9CoaXNTmxgl0My1cvGH96Yq0VIuYj"
            }
          ]
        },
        {
          "Name": "AutomationProjectConfigurationDriveExtensionInterfaceClassLib",
          "Versions": [
            {
              "Version": "1.2.0",
              "CAEXVersion": "2.15",
              "Description": "Automation Markup Language Automation Project Configuration InterfaceClass Library",
              "DownloadLink": "https://www.automationml.org/wp-content/uploads/2021/06/ARE-APC-Drive.zip",
              "Sources": "2020-04-07 ARE APC Drive AllClassLibs V1_2_0.aml",
              "Signature": "MEUCIQCo4XBXG65uonsctFkqrljiCPSbDc3K1GmmPqzVZrBXUwIgWFJDzYw0FdewVIwo4/XVav3QWTpvjwU9pKCX9DkLT8M="
            }
          ]
        },
        {
          "Name": "AutomationMLIEC62264InterfaceClassLib",
          "Versions": [
            {
              "Version": "2.0.0",
              "CAEXVersion": "3.0",
              "Description": "IEC 62264 Interface Class Library",
              "DownloadLink": "https://www.automationml.org/wp-content/uploads/2021/06/AR-Provisioning-for-MES-and-ERP-Edition-2.zip",
              "Sources": "AutomationMLIEC62264Lib.aml",
              "Signature": "MEYCIQCTp0Au4U/K/0yipk3FOHfz/ANsei2u4DIg/HQ4xHlruAIhAIdQPFiAIZ3S4/DAeSb3wpK1zbjZR/9Zg7MzRAlkzyFG"
            }
          ]
        },
        {
          "Name": "AssetAdministrationShellInterfaceClassLib",
          "Versions": [
            {
              "Version": "1.0.0",
              "CAEXVersion": "2.15",
              "Description": "Interface Class Library according to Details of the Asset Administration Shell V2.0.",
              "DownloadLink": "https://www.automationml.org/wp-content/uploads/2021/06/Asset-Administration-Shell-Representation-V1_0_0.zip",
              "Sources": "AssetAdministrationShellLib  - Full.aml",
              "Signature": "MEUCIQCWDKoEF0N\u002BFYjOlJ/q04rClNwYwbA2V9SPGD/kHBbmTgIgXr9tawg/MG6DfVJ6HMQ9/ja1QoqGMbCvUuMm/XY541M="
            }
          ]
        }
      ]
    },
    {
      "CAEXType": "AttributeTypeLib",
      "Libraries": [
        {
          "Name": "AutomationMLBaseAttributeTypeLib",
          "Versions": [
            {
              "Version": "2.10.0",
              "CAEXVersion": "3.0",
              "Description": "Standard Automation Markup Language Attribute Type Library",
              "DownloadLink": "https://www.automationml.org/wp-content/uploads/2021/11/Whitepaper-AutomationML-Edition-2.1.zip",
              "Sources": "AutomationML2.10BaseLibraries",
              "Signature": "MEUCIQCkNZKp8WPsrBRHhSae54x0s/nmDRaMo9XNIBd4lWNfpQIgeYO7mWslMo/qi3SsoEcVd\u002B9no\u002BykZliX6Gb6iyJTWtI="
            }
          ]
        },
        {
          "Name": "AutomationMLIEC62264AttributeTypeLib",
          "Versions": [
            {
              "Version": "2.0.0",
              "CAEXVersion": "3.0",
              "Description": "IEC 62264 Attribute Type Library",
              "DownloadLink": "https://www.automationml.org/wp-content/uploads/2021/06/AR-Provisioning-for-MES-and-ERP-Edition-2.zip",
              "Sources": "AutomationMLIEC62264Lib.aml",
              "Signature": "MEQCIBPD\u002BqxEZUhsBytrfiUsigvy\u002Bf7QRr2E\u002BpUgqf4mGUOkAiABvf2st6wI6cu7t2VsulpoBmRmh8fQUJZkPVdaiIQulA=="
            }
          ]
        }
      ]
    },
    {
      "CAEXType": "SystemUnitClassLib",
      "Libraries": [
        {
          "Name": "AssetAdministrationShellDataSpecificationTemplates",
          "Versions": [
            {
              "Version": "0",
              "CAEXVersion": "2.15",
              "Description": "System Unit Class Library according to Details of the Asset Administration Shell V2.0 defining templates",
              "DownloadLink": "https://www.automationml.org/wp-content/uploads/2021/06/Asset-Administration-Shell-Representation-V1_0_0.zip",
              "Sources": "AssetAdministrationShellLib  - Full.aml",
              "Signature": "MEQCIFvzW98zQsoSL6kJE\u002B8DrEBNhM/ZTVdX6foHBKYs7khgAiAYfaZb/gUjtYDtmueZwm7GAkjJqb28vYmTLgXhjF05ag=="
            }
          ]
        },
        {
          "Name": "AssetAdministrationShellSystemUnitClasses",
          "Versions": [
            {
              "Version": "0",
              "CAEXVersion": "2.15",
              "Description": "System Unit Class Library according to Details of the Asset Administration Shell V2.0.",
              "DownloadLink": "https://www.automationml.org/wp-content/uploads/2021/06/Asset-Administration-Shell-Representation-V1_0_0.zip",
              "Sources": "UnifiedAASExampleVWSiD2.0 Boss.aml",
              "Signature": "MEQCIEcaBgHh7yxJl4q\u002Blh8UzaXbcuUna7IWiVuTBg5phk7BAiA2hCKt3aoTQc4zw904GHN/2/F69k7VNaGZjhcvIR40GQ=="
            }
          ]
        }
      ]
    }
  ]
}