<?xml version="1.0"?>
<doc>
    <assembly>
        <name>Aml.Editor.API</name>
    </assembly>
    <members>
        <member name="T:Aml.Editor.API.ActiveDocumentChangedEventArgs">
            <summary>
            Event arguments used when the active document has changed.
            </summary>
            <seealso cref="T:System.EventArgs" />
        </member>
        <member name="M:Aml.Editor.API.ActiveDocumentChangedEventArgs.#ctor(Aml.Editor.API.AMLDocument)">
            <summary>
            Initializes a new instance of the <see cref="T:Aml.Editor.API.ActiveDocumentChangedEventArgs"/> class.
            </summary>
            <param name="document">The document.</param>
        </member>
        <member name="P:Aml.Editor.API.ActiveDocumentChangedEventArgs.ActiveDocument">
            <summary>
            Gets the active document.
            </summary>
            <value>
            The active document.
            </value>
        </member>
        <member name="T:Aml.Editor.API.AMLDocument">
            <summary>
            Defines properties and events related to the active document, edited by the AutomationML editor.
            </summary>
        </member>
        <member name="M:Aml.Editor.API.AMLDocument.#ctor(System.String)">
            <summary>
            Initializes a new instance of the <see cref="T:Aml.Editor.API.AMLDocument"/> class.
            </summary>
            <param name="filePath">The file path.</param>
        </member>
        <member name="P:Aml.Editor.API.AMLDocument.FilePath">
            <summary>
            Gets or sets the file path.
            </summary>
            <value>
            The file path.
            </value>
        </member>
        <member name="P:Aml.Editor.API.AMLDocument.IsAMLContainer">
            <summary>
            Gets a value indicating whether this instance is an AML container.
            </summary>
            <value>
              <c>true</c> if this instance is an AML container; otherwise, <c>false</c>.
            </value>
        </member>
        <member name="T:Aml.Editor.API.AMLEditor">
            <summary>
            The AMLEditor Application class provides generic information about the running AutomationML Editor instance.
            This is the entry point to use the AMLEditor API. 
            </summary>
        </member>
        <member name="T:Aml.Editor.API.AMLEditor.ActiveDocumentChangedEventHandler">
            <summary>
            Eventhandler delegate defining a <see cref="E:Aml.Editor.API.AMLEditor.ActiveDocumentChanged"/> event.
            </summary>
            <param name="sender">The source of the event.</param>
            <param name="e">The <see cref="T:Aml.Editor.API.ActiveDocumentChangedEventArgs"/> instance containing the event data.</param>
        </member>
        <member name="T:Aml.Editor.API.AMLEditor.AMLEditorCommandExecutingEventHandler">
            <summary>
            Eventhandler delegate defining a <see cref="E:Aml.Editor.API.AMLEditor.CommandExecuting"/> event.
            </summary>
            <param name="sender">The sender.</param>
            <param name="e">The <see cref="T:Aml.Editor.API.AMLEditorCommandExecutingEventArgs"/> instance containing the event data.</param>
        </member>
        <member name="T:Aml.Editor.API.AMLEditor.CommandInvocationEventHandler">
            <summary>
            Eventhandler delegate defining a <see cref="E:Aml.Editor.API.AMLEditor.CommandInvocation"/> event.
            </summary>
            <param name="sender">The sender.</param>
            <param name="e">The <see cref="T:Aml.Editor.API.Commanding.CommandExecutionEventArgs"/> instance containing the event data.</param>
        </member>
        <member name="T:Aml.Editor.API.AMLEditor.AMLEditorCommandExecutedEventHandler">
            <summary>
            Eventhandler delegate defining a <see cref="E:Aml.Editor.API.AMLEditor.CommandExecuted"/> event.
            </summary>
            <param name="sender">The sender.</param>
            <param name="e">The <see cref="T:Aml.Editor.API.AMLEditorCommandExecutedEventArgs"/> instance containing the event data.</param>
        </member>
        <member name="E:Aml.Editor.API.AMLEditor.CommandExecuted">
            <summary>
            Occurs when an Editor command has been executed.
            </summary>
        </member>
        <member name="E:Aml.Editor.API.AMLEditor.CommandExecuting">
            <summary>
            Occurs when an Editor command is executing.
            </summary>
        </member>
        <member name="E:Aml.Editor.API.AMLEditor.CommandInvocation">
            <summary>
            Occurs when a command is invoked.
            </summary>
        </member>
        <member name="M:Aml.Editor.API.AMLEditor.OpenAMLDocument(System.String)">
            <summary>
            Opens a new AutomationML document from the specified file path.
            A <see cref="E:Aml.Editor.API.AMLEditor.CommandExecuted"/> event is raised, when the
            command has been executed.
            </summary>
            <param name="filePath">The file path.</param>
        </member>
        <member name="M:Aml.Editor.API.AMLEditor.CloseActiveDocument">
            <summary>
            Closes the active document.
            A <see cref="E:Aml.Editor.API.AMLEditor.CommandExecuted"/> event is raised, when the
            command has been executed.
            </summary>
        </member>
        <member name="M:Aml.Editor.API.AMLEditor.SelectObjectById(System.String)">
            <summary>
            Selects the Object in the Editor, using the CAEX ID of the object as an identifier. 
            A <see cref="E:Aml.Editor.API.AMLEditor.CommandExecuted"/> event is raised, when the
            command has been executed.
            </summary>
        </member>
        <member name="M:Aml.Editor.API.AMLEditor.SelectObjectByPath(System.String)">
            <summary>
            Selects the Object in the Editor, using the CAEX Path of the object as an identifier. 
            A <see cref="E:Aml.Editor.API.AMLEditor.CommandExecuted"/> event is raised, when the
            command has been executed.
            </summary>
        </member>
        <member name="M:Aml.Editor.API.AMLEditor.ExpandObjectById(System.String)">
            <summary>
            Expands the Object in the Editor, using the CAEX ID of the object as an identifier. 
            A <see cref="E:Aml.Editor.API.AMLEditor.CommandExecuted"/> event is raised, when the
            command has been executed.
            </summary>
        </member>
        <member name="M:Aml.Editor.API.AMLEditor.ExpandObjectByPath(System.String)">
            <summary>
            Expands the Object in the Editor, using the CAEX Path of the object as an identifier. 
            A <see cref="E:Aml.Editor.API.AMLEditor.CommandExecuted"/> event is raised, when the
            command has been executed.
            </summary>
        </member>
        <member name="E:Aml.Editor.API.AMLEditor.ActiveDocumentChanged">
            <summary>
            Occurs when the active document changed.
            </summary>
        </member>
        <member name="P:Aml.Editor.API.AMLEditor.Settings">
            <summary>
            Gets the settings, used by the AutomationML Editor to configure methods and the user interface.
            </summary>
        </member>
        <member name="P:Aml.Editor.API.AMLEditor.ActiveDocument">
            <summary>
            Gets the active AutomationML document, currently edited in the AutomationML Editor
            </summary>
            <value>
            The active document.
            </value>
        </member>
        <member name="P:Aml.Editor.API.AMLEditor.AMLApplication">
            <summary>
            Gets the running AMLEditorApplication instance.
            </summary>
        </member>
        <member name="T:Aml.Editor.API.AMLEditorCommandType">
            <summary>
            An enumeration of available commands for the AutomationML Editor
            </summary>
        </member>
        <member name="F:Aml.Editor.API.AMLEditorCommandType.OpenDocument">
            <summary>
            Opens a new AutomationML document represented by a file path, passed as an
            argument to the command
            </summary>
        </member>
        <member name="F:Aml.Editor.API.AMLEditorCommandType.CloseDocument">
            <summary>
            Closes the currently open AutomationML document
            </summary>
        </member>
        <member name="F:Aml.Editor.API.AMLEditorCommandType.ExpandByPath">
            <summary>
            Expands the Object in the Editor, using the CAEX Path of the object as an identifier. The CAEXPath is passed as an
            argument to the command
            </summary>
        </member>
        <member name="F:Aml.Editor.API.AMLEditorCommandType.ExpandByID">
            <summary>
            Expands the Object in the Editor, using the CAEX ID of the object as an identifier. The CAEX ID is passed as an
            argument to the command
            </summary>
        </member>
        <member name="F:Aml.Editor.API.AMLEditorCommandType.SelectByID">
            <summary>
            Selects the Object in the Editor, using the ID of the object as an identifier. The ID is passed as an
            argument to the command
            </summary>
        </member>
        <member name="F:Aml.Editor.API.AMLEditorCommandType.SelectByPath">
            <summary>
            Selects the Object in the Editor, using the CAEX Path of the object as an identifier. The CAEXPath is passed as an
            argument to the command
            </summary>
        </member>
        <member name="T:Aml.Editor.API.AMLEditorCommandExecutedEventArgs">
            <summary>
            Event arguments for the <see cref="E:Aml.Editor.API.AMLEditor.CommandExecuted"/> event.
            </summary>
        </member>
        <member name="P:Aml.Editor.API.AMLEditorCommandExecutedEventArgs.Command">
            <summary>
            Gets the comand.
            </summary>
        </member>
        <member name="P:Aml.Editor.API.AMLEditorCommandExecutedEventArgs.CommandArgument">
            <summary>
            Gets the command argument.
            </summary>
        </member>
        <member name="P:Aml.Editor.API.AMLEditorCommandExecutedEventArgs.Document">
            <summary>
            Gets the document.
            </summary>
        </member>
        <member name="T:Aml.Editor.API.AMLEditorCommandExecutingEventArgs">
            <summary>
            Event arguments for the <see cref="E:Aml.Editor.API.AMLEditor.CommandExecuting"/> event.
            </summary>
        </member>
        <member name="P:Aml.Editor.API.AMLEditorCommandExecutingEventArgs.Command">
            <summary>
            Gets the comand.
            </summary>
        </member>
        <member name="P:Aml.Editor.API.AMLEditorCommandExecutingEventArgs.CommandArgument">
            <summary>
            Gets the command argument.
            </summary>
        </member>
        <member name="P:Aml.Editor.API.AMLEditorCommandExecutingEventArgs.Document">
            <summary>
            Gets the document.
            </summary>
        </member>
        <member name="T:Aml.Editor.API.AMLEditorSettings">
            <summary>
            This class provides all settings used by the AutomationML editor. The settings are grouped
            in named sections.
            </summary>
        </member>
        <member name="P:Aml.Editor.API.AMLEditorSettings.Sections">
            <summary>
            Gets the setting sections.
            </summary>
            <value>
            The sections.
            </value>
        </member>
        <member name="P:Aml.Editor.API.AMLEditorSettings.Item(System.String)">
            <summary>
            Gets the <see cref="T:Aml.Editor.API.AMLEditorSettingsSection"/> with the specified key.
            </summary>
            <value>
            The <see cref="T:Aml.Editor.API.AMLEditorSettingsSection"/>.
            </value>
            <param name="key">The key.</param>
            <returns></returns>
        </member>
        <member name="T:Aml.Editor.API.AMLEditorSettingsSection">
            <summary>
            This class provides all settings, used by the AutomationML Editor, defined for a named section.
            </summary>
        </member>
        <member name="P:Aml.Editor.API.AMLEditorSettingsSection.Key">
            <summary>
            Gets the key, used to uniquely identify the section.
            </summary>
            <value>
            The key.
            </value>
        </member>
        <member name="P:Aml.Editor.API.AMLEditorSettingsSection.Item(System.String)">
            <summary>
            Gets the <see cref="T:System.Object"/> with the specified key.
            </summary>
            <value>
            The <see cref="T:System.Object"/>.
            </value>
            <param name="key">The key.</param>
            <returns></returns>
        </member>
        <member name="P:Aml.Editor.API.AMLEditorSettingsSection.Settings">
            <summary>
            Gets the settings, defined in this section.
            </summary>
            <value>
            The settings.
            </value>
        </member>
        <member name="T:Aml.Editor.API.Commanding.CancellableEventArgs">
            <summary>
             An event argument object with a boolean flag added to track if the event is cancelled.
            </summary>
            <seealso cref="T:System.EventArgs" />
        </member>
        <member name="P:Aml.Editor.API.Commanding.CancellableEventArgs.Cancel">
            <summary>
            Gets or sets a value indicating whether the command should be cancelled.
            </summary>
            <value>
              <c>true</c> if the command should be cancelled; otherwise, <c>false</c>.
            </value>
        </member>
        <member name="T:Aml.Editor.API.Commanding.CommandExecutionEventArgs">
            <summary>
            Abstract base class for the command executed event arguments.
            </summary>
            <seealso cref="T:System.EventArgs" />
        </member>
    </members>
</doc>
