<?xml version="1.0"?>
<doc>
    <assembly>
        <name>Aml.Editor.IPC</name>
    </assembly>
    <members>
        <member name="T:Aml.Editor.IPC.CommunicationChannel">
            <summary>
            This class implements a communication channel to the AutomationML editor using anonymous
            pipes. The editor serves as a pipe client, where the pipe server is an application starting
            the Editor as a child process.
            </summary>
            <remarks>code copied from <see href="https://www.codeproject.com/articles/1087779/anonymous-pipes-made-easy"/></remarks>
        </member>
        <member name="T:Aml.Editor.IPC.CommunicationChannel.DisconnectDelegate">
            <summary>
            delegate to handle a disconnection of the communication channel
            </summary>
        </member>
        <member name="P:Aml.Editor.IPC.CommunicationChannel.ErrorMessage">
            <summary>
            Gets the last error message
            </summary>
        </member>
        <member name="P:Aml.Editor.IPC.CommunicationChannel.IsConnected">
            <summary>
            Gets a value indicating whether the communication channel is connected to the
            AutomationML editor
            </summary>
            <value><c>true</c> if this instance is connected; otherwise, <c>false</c>.</value>
        </member>
        <member name="P:Aml.Editor.IPC.CommunicationChannel.Name">
            <summary>
            Gets the name of the underlying pipe of the channel.
            </summary>
        </member>
        <member name="M:Aml.Editor.IPC.CommunicationChannel.#ctor(System.String)">
            <summary>
            Initializes a new instance of the <see cref="T:Aml.Editor.IPC.CommunicationChannel"/> class. This
            constructor is used by the communication client.
            </summary>
            <param name="pipeName">Name of the pipe.</param>
        </member>
        <member name="T:Aml.Editor.IPC.CommunicationChannel.CommandResponseDelegate">
            <summary>
            Delegate to handle a response of the client for a sended message by a server.
            </summary>
            <param name="message">The message.</param>
        </member>
        <member name="T:Aml.Editor.IPC.CommunicationChannel.CommandSendDelegate">
            <summary>
            delegate to handle a message in a client, send by a server.
            </summary>
            <param name="message">The message.</param>
        </member>
        <member name="M:Aml.Editor.IPC.CommunicationChannel.#ctor(System.String,System.String,Aml.Editor.IPC.CommunicationChannel.CommandResponseDelegate,Aml.Editor.IPC.CommunicationChannel.DisconnectDelegate)">
            <summary>
            Initializes a new instance of the <see cref="T:Aml.Editor.IPC.CommunicationChannel"/> class.
            </summary>
            <param name="pipeName">Name of the pipe.</param>
            <param name="filePath">The filepath definin the aml file to be started with.</param>
            <param name="responseCallback">The response callback.</param>
            <param name="disconnectEvent">The disconnect event.</param>
        </member>
        <member name="M:Aml.Editor.IPC.CommunicationChannel.SendCommand(Aml.Editor.IPC.EditorComandEnum,System.String)">
            <summary>
            Sends a command to the editor.
            </summary>
            <param name="commandType"></param>
            <param name="commandArguments"></param>
        </member>
        <member name="M:Aml.Editor.IPC.CommunicationChannel.SendCommand(Aml.Editor.IPC.EditorCommand)">
            <summary>
            Sends a command to the editor.
            </summary>
            <param name="command"></param>
        </member>
        <member name="M:Aml.Editor.IPC.CommunicationChannel.SendNote(System.String)">
            <summary>
            Sends a simple text to the editor, displayed as a note
            </summary>
            <param name="msg"></param>
            <returns></returns>
        </member>
        <member name="M:Aml.Editor.IPC.CommunicationChannel.SendText(System.String,System.String@)">
            <summary>
            Sends a text to the connected application
            </summary>
            <param name="msg"></param>
            <param name="errMsg"></param>
            <returns></returns>
        </member>
        <member name="M:Aml.Editor.IPC.CommunicationChannel.ConnectToPipe(System.String,Aml.Editor.IPC.CommunicationChannel.CommandSendDelegate,Aml.Editor.IPC.CommunicationChannel.DisconnectDelegate)">
            <summary>
            Called by a client to connect to a pipe defined by a server
            </summary>
            <param name="clientHandles"></param>
            <param name="sendCallback"></param>
            <param name="disconnectEvent"></param>
        </member>
        <member name="M:Aml.Editor.IPC.CommunicationChannel.Close">
            <summary>
            Close the connection
            </summary>
        </member>
        <member name="T:Aml.Editor.IPC.EditorComandEnum">
            <summary>
            Definition of editor commands
            </summary>
        </member>
        <member name="F:Aml.Editor.IPC.EditorComandEnum.ExpandByPathCommand">
            <summary>
            Command to expand a specific object specifying the caex path.
            </summary>
        </member>
        <member name="F:Aml.Editor.IPC.EditorComandEnum.ExpandByIDCommand">
            <summary>
            Command to expand a specific object specifying the object ID.
            </summary>
        </member>
        <member name="F:Aml.Editor.IPC.EditorComandEnum.SelectByPathCommand">
            <summary>
            Command to select a specific object specifying the caex path.
            </summary>
        </member>
        <member name="F:Aml.Editor.IPC.EditorComandEnum.SelectByIdCommand">
            <summary>
            Command to select a specific object specifying the object ID.
            </summary>
        </member>
        <member name="F:Aml.Editor.IPC.EditorComandEnum.OpenDocumentCommand">
            <summary>
            Command to open a specific AutomationML document specified by its file path.
            </summary>
        </member>
        <member name="F:Aml.Editor.IPC.EditorComandEnum.SetActiveHierarchyCommand">
            <summary>
            Command to set a specific AutomationML library type as the active library.
            The CAEX Tagname of the library has to be used as the command argument.
            </summary>
        </member>
        <member name="F:Aml.Editor.IPC.EditorComandEnum.LoadChangedFilesAlways">
            <summary>
            Requests the editor to always load a changed files without asking.
            </summary>
        </member>
        <member name="T:Aml.Editor.IPC.EditorCommand">
            <summary>
            This class defines a command which is ecexuted by the the
            AutomationML editor.
            </summary>
        </member>
        <member name="M:Aml.Editor.IPC.EditorCommand.#ctor(Aml.Editor.IPC.EditorComandEnum,System.String)">
            <summary>
            Initializes a new instance of the <see cref="T:Aml.Editor.IPC.EditorCommand"/> class.
            </summary>
            <param name="commandType">Type of the command.</param>
            <param name="argument">The argument.</param>
        </member>
        <member name="P:Aml.Editor.IPC.EditorCommand.CommandType">
            <summary>
            Gets the type of the command.
            </summary>
        </member>
        <member name="P:Aml.Editor.IPC.EditorCommand.Arguments">
            <summary>
            Gets the command arguments.
            </summary>
        </member>
        <member name="M:Aml.Editor.IPC.EditorCommand.ToString">
            <summary>
            Converts to string.
            </summary>
        </member>
        <member name="T:Aml.Editor.IPC.ResponseMessage">
            <summary>
            Message send by the AutomationML editor as a response to
            a command, send by a server, when the command was executed.
            </summary>
        </member>
        <member name="P:Aml.Editor.IPC.ResponseMessage.Command">
            <summary>
            Gets the executed command.
            </summary>
        </member>
        <member name="P:Aml.Editor.IPC.ResponseMessage.Success">
            <summary>
            Gets a value indicating whether the command was executed successfull.
            </summary>
            <value>
              <c>true</c> if success; otherwise, <c>false</c>.
            </value>
        </member>
        <member name="P:Aml.Editor.IPC.ResponseMessage.ErrorMessage">
            <summary>
            Gets the error message when the execution was not successfull.
            </summary>
        </member>
        <member name="M:Aml.Editor.IPC.ResponseMessage.ToString">
            <summary>
            Converts to string.
            </summary>
        </member>
        <member name="P:Aml.Editor.IPC.ResponseMessage.Result">
            <summary>
            Gets a string representation of the success state.
            </summary>
        </member>
        <member name="M:Aml.Editor.IPC.ResponseMessage.Create(System.String)">
            <summary>
            Converts the json string to a response message.
            </summary>
            <param name="jsonString">The json string.</param>
            <returns></returns>
        </member>
        <member name="T:Aml.Editor.IPC.SendMessage">
            <summary>
            Content of a message, send to the AutomationML editor
            </summary>
        </member>
        <member name="M:Aml.Editor.IPC.SendMessage.#ctor(Aml.Editor.IPC.EditorComandEnum,System.String)">
            <summary>
            Initializes a new instance of the <see cref="T:Aml.Editor.IPC.SendMessage"/> class.
            </summary>
            <param name="commandType">Type of the command.</param>
            <param name="argument">The argument of the command.</param>
        </member>
        <member name="M:Aml.Editor.IPC.SendMessage.#ctor">
            <summary>
            Initializes a new instance of the <see cref="T:Aml.Editor.IPC.SendMessage"/> class.
            </summary>
        </member>
        <member name="P:Aml.Editor.IPC.SendMessage.Command">
            <summary>
            Gets or sets the command.
            </summary>
            <value>
            The command.
            </value>
        </member>
        <member name="M:Aml.Editor.IPC.SendMessage.ToString">
            <summary>
            Converts the message to a json string.
            </summary>
            <returns>
            A <see cref="T:System.String" /> that represents this instance.
            </returns>
        </member>
        <member name="P:Aml.Editor.IPC.SendMessage.Note">
            <summary>
            Gets or sets the note.
            </summary>
            <value>
            The note.
            </value>
        </member>
        <member name="M:Aml.Editor.IPC.SendMessage.Create(System.String)">
            <summary>
            Creates a message form a json string.
            </summary>
            <param name="jsonString">The json string.</param>
            <returns></returns>
        </member>
    </members>
</doc>
